REF_AREA,MEASURE,UNIT_MEASURE,TIME_PERIOD,OBS_VALUE,UNIT_MULT
MLT,B1,T,2012,0.0,0
MLT,B1,T,2013,0.0,0
MLT,B1,T,2014,0.0,0
LUX,C1,T,2012,19.0,0
LUX,C1,T,2013,20.0,0
LUX,C1,T,2014,19.0,0
LTU,C1,T,2012,783.0,0
LTU,C1,T,2013,819.0,0
LTU,C1,T,2014,872.0,0
FIN,C1,T,2012,767.6,0
FIN,C1,T,2013,777.9,0
FIN,C1,T,2014,786.6,0
MLT,C1,T,2012,1.0,0
MLT,C1,T,2013,1.0,0
MLT,C1,T,2014,1.0,0
ROU,C1,T,2012,3734.0,0
ROU,C1,T,2013,3690.0,0
ROU,C1,T,2014,3695.0,0
LVA,C1,T,2012,389.0,0
LVA,C1,T,2013,400.0,0
LVA,C1,T,2014,437.0,0
CYP,C1,T,2012,29.0,0
CYP,C1,T,2013,25.0,0
CYP,C1,T,2014,22.0,0
ITA,C1,T,2012,2425.0,0
ITA,C1,T,2013,2368.0,0
ITA,C1,T,2014,2328.0,0
GRC,C1,T,2012,677.0,0
GRC,C1,T,2013,678.0,0
GRC,C1,T,2014,711.0,0
DNK,C1,T,2012,989.0,0
DNK,C1,T,2013,935.0,0
DNK,C1,T,2014,915.0,0
BGR,C1,T,2012,1280.0,0
BGR,C1,T,2013,1352.0,0
BGR,C1,T,2014,1316.0,0
BEL,C1,T,2012,312.0,0
BEL,C1,T,2013,318.0,0
BEL,C1,T,2014,323.0,0
DNK,B1,T,2012,14008.9,0
DNK,C1,T,2012,5313.1,0
DNK,L111,T,2012,65656.8,0
DNK,L111,T,2013,64333.3,0
DNK,C1,T,2013,5017.8,0
DNK,B1,T,2013,13604.9,0
DNK,B1,T,2014,13459.3,0
DNK,C1,T,2014,4937.9,0
DNK,L111,T,2014,63390.2,0
ITA,L111,T,2012,161742.1,0
ITA,C1,T,2012,13141.0,0
ITA,B1,T,2012,292012.3,0
ITA,B1,T,2013,311188.2,0
ITA,C1,T,2013,12867.7,0
ITA,L111,T,2013,169380.6,0
ITA,L111,T,2014,173682.9,0
ITA,C1,T,2014,12657.6,0
ITA,B1,T,2014,332036.3,0
LTU,C1,T,2012,4273.9,0
LTU,L111,T,2012,26529.8,0
LTU,B1,T,2012,14215.1,0
LTU,B1,T,2013,13946.6,0
LTU,L111,T,2013,24355.7,0
LTU,C1,T,2013,4473.4,0
LTU,C1,T,2014,4755.8,0
LTU,L111,T,2014,24618.0,0
LTU,B1,T,2014,15221.2,0
LUX,C1,T,2012,102.1,0
LUX,B1,T,2012,1130.5,0
LUX,L111,T,2012,2391.5,0
LUX,L111,T,2013,2331.2,0
LUX,B1,T,2013,1123.6,0
LUX,C1,T,2013,106.1,0
LUX,C1,T,2014,102.7,0
LUX,B1,T,2014,1136.4,0
LUX,L111,T,2014,2355.7,0
CYP,L111,T,2012,352.8,0
CYP,C1,T,2012,158.4,0
CYP,B1,T,2012,122.8,0
CYP,B1,T,2013,204.3,0
CYP,C1,T,2013,136.3,0
CYP,L111,T,2013,325.9,0
CYP,L111,T,2014,357.6,0
CYP,C1,T,2014,121.4,0
CYP,B1,T,2014,73.6,0
LVA,L111,T,2012,13401.8,0
LVA,B1,T,2012,31907.8,0
LVA,C1,T,2012,2141.7,0
LVA,C1,T,2013,2201.3,0
LVA,B1,T,2013,32531.7,0
LVA,L111,T,2013,12239.5,0
LVA,L111,T,2014,12633.7,0
LVA,B1,T,2014,32743.1,0
LVA,C1,T,2014,2397.7,0
GRC,B1,T,2012,10077.4,0
GRC,C1,T,2012,3705.2,0
GRC,L111,T,2012,32977.7,0
GRC,L111,T,2013,30336.5,0
GRC,C1,T,2013,3700.8,0
GRC,B1,T,2013,11088.1,0
GRC,B1,T,2014,11261.6,0
GRC,C1,T,2014,3862.2,0
GRC,L111,T,2014,30866.2,0
ROU,B1,T,2012,105884.7,0
ROU,C1,T,2012,20011.4,0
ROU,L111,T,2012,111927.0,0
ROU,L111,T,2013,115258.9,0
ROU,C1,T,2013,19811.6,0
ROU,B1,T,2013,106522.0,0
ROU,B1,T,2014,109284.6,0
ROU,C1,T,2014,19836.0,0
ROU,L111,T,2014,121118.5,0
MLT,C1,T,2012,5.6,0
MLT,L111,T,2012,109.8,0
MLT,L111,T,2013,109.9,0
MLT,C1,T,2013,5.5,0
MLT,C1,T,2014,5.5,0
MLT,L111,T,2014,102.9,0
FIN,L111,T,2012,4658.7,0
FIN,B1,T,2012,5285.5,0
FIN,C1,T,2012,4661.5,0
FIN,C1,T,2013,4719.5,0
FIN,B1,T,2013,4854.2,0
FIN,L111,T,2013,3952.6,0
FIN,L111,T,2014,3763.6,0
FIN,B1,T,2014,5136.0,0
FIN,C1,T,2014,4792.1,0
BGR,B1,T,2012,14023.2,0
BGR,C1,T,2012,6973.0,0
BGR,L111,T,2012,34843.6,0
BGR,L111,T,2013,32769.0,0
BGR,C1,T,2013,7390.9,0
BGR,B1,T,2013,13467.7,0
BGR,B1,T,2014,13202.4,0
BGR,C1,T,2014,7187.8,0
BGR,L111,T,2014,40948.0,0
BEL,B1,T,2012,9422.3,0
BEL,L111,T,2012,22881.6,0
BEL,C1,T,2012,1769.5,0
BEL,C1,T,2013,1804.3,0
BEL,L111,T,2013,21614.9,0
BEL,B1,T,2013,9343.2,0
BEL,B1,T,2014,9310.3,0
BEL,L111,T,2014,21778.4,0
BEL,C1,T,2014,1843.0,0
COL,L111,T,2012,11544.252,0
COL,L111,T,2013,12135.532,0
COL,L111,T,2014,12128.549,0
COL,L111,T,2015,12121.593,0
COL,L111,T,2016,12114.61,0
COL,L111,T,2017,13442.19,0
COL,L111,T,2018,13440.26,0
COL,L111,T,2019,13472.45,0
COL,L111,T,2020,13102.774,0
CRI,L111,T,2012,495.54,0
CRI,L111,T,2013,492.65,0
CRI,L111,T,2014,486.44,0
CRI,L111,T,2015,486.025,0
CRI,L111,T,2016,486.125,0
CRI,L111,T,2017,487.025,0
CRI,L111,T,2018,487.875,0
CRI,L111,T,2019,485.805,0
CRI,L111,T,2020,481.945,0
ISL,L111,T,2012,299.834,0
ISL,L111,T,2013,299.834,0
ISL,L111,T,2014,299.834,0
ISL,L111,T,2015,299.834,0
ISL,L111,T,2016,299.834,0
ISL,L111,T,2017,299.834,0
ISL,L111,T,2018,299.834,0
ISL,L111,T,2019,299.834,0
ISL,L111,T,2020,299.834,0
ISL,L111,T,2021,299.834,0
JPN,L111,T,2012,1252.759,0
JPN,L111,T,2013,1249.084,0
JPN,L111,T,2014,1243.948,0
JPN,L111,T,2015,1237.679,0
JPN,L111,T,2016,1230.857,0
KOR,L111,T,2012,487.862,0
KOR,L111,T,2013,483.073,0
KOR,L111,T,2014,483.987,0
KOR,L111,T,2015,464.328,0
KOR,L111,T,2016,463.616,0
KOR,L111,T,2017,452.959,0
KOR,L111,T,2018,457.995,0
KOR,L111,T,2019,453.244,0
KOR,L111,T,2020,447.902,0
NZL,L111,T,2012,3241.85,0
NZL,L111,T,2013,3211.22,0
NZL,L111,T,2014,3214.96,0
NZL,L111,T,2015,3136.0,0
NZL,L111,T,2016,3085.14,0
NZL,L111,T,2017,3115.09,0
NZL,L111,T,2018,3072.22,0
NZL,L111,T,2019,3013.38,0
NZL,L111,T,2020,2957.44,0
NZL,L111,T,2021,2939.99,0
TUR,L111,T,2012,10788.019,0
TUR,L111,T,2013,10795.469,0
TUR,L111,T,2014,10832.969,0
TUR,L111,T,2015,10832.379,0
TUR,L111,T,2016,10773.969,0
TUR,L111,T,2017,10676.27,0
TUR,L111,T,2018,10635.81,0
TUR,L111,T,2019,10635.81,0
TUR,L111,T,2020,10630.44,0
TUR,L111,T,2021,10720.01,0
USA,L111,T,2012,119840.67,0
USA,L111,T,2013,119459.356,0
USA,L111,T,2014,119958.636,0
USA,L111,T,2015,119482.942,0
USA,L111,T,2016,119552.581,0
USA,L111,T,2017,119552.581,0
USA,L111,T,2018,119989.651,0
USA,L111,T,2019,118350.639,0
ARG,L111,T,2012,33700.313,0
ARG,L111,T,2013,33213.098,0
ARG,L111,T,2014,32423.483,0
ARG,L111,T,2015,31633.868,0
ARG,L111,T,2016,30844.253,0
ARG,L111,T,2017,30054.638,0
ARG,L111,T,2018,29284.435,0
BRA,L111,T,2012,63175.246,0
BRA,L111,T,2013,63362.742,0
BRA,L111,T,2014,63550.218,0
BRA,L111,T,2015,63737.694,0
BRA,L111,T,2016,63925.19,0
BRA,L111,T,2017,64112.338,0
BRA,L111,T,2018,64112.396,0
BRA,L111,T,2019,64112.396,0
BRA,L111,T,2020,64112.396,0
CHN,L111,T,2012,143095.985,0
CHN,L111,T,2013,143100.525,0
CHN,L111,T,2014,143071.77,0
CHN,L111,T,2015,143055.138,0
CHN,L111,T,2016,143033.403,0
CHN,L111,T,2017,143022.287,0
CHN,L111,T,2018,143021.639,0
CHN,L111,T,2019,143021.504,0
CHN,L111,T,2020,143021.207,0
IND,L111,T,2012,48759.34,0
IND,L111,T,2013,48778.46,0
IND,L111,T,2014,48786.56,0
IND,L111,T,2015,48772.25,0
IND,L111,T,2016,48746.06,0
IND,L111,T,2017,48653.613,0
IND,L111,T,2018,48627.202,0
IND,L111,T,2019,48608.136,0
IND,L111,T,2020,48608.171,0
IDN,L111,T,2012,15695.0,0
IDN,L111,T,2013,15840.0,0
IDN,L111,T,2014,15840.0,0
IDN,L111,T,2015,15921.0,0
IDN,L111,T,2016,16734.0,0
IDN,L111,T,2017,17321.0,0
IDN,L111,T,2018,17321.0,0
IDN,L111,T,2019,17321.0,0
IDN,L111,T,2020,17321.0,0
KAZ,L111,T,2012,58595.811,0
KAZ,L111,T,2013,58591.037,0
KAZ,L111,T,2014,58538.478,0
KAZ,L111,T,2015,58392.759,0
KAZ,L111,T,2016,58388.007,0
KAZ,L111,T,2017,58380.339,0
KAZ,L111,T,2018,58332.387,0
KAZ,L111,T,2019,57775.701,0
KAZ,L111,T,2020,57783.504,0
PHL,L111,T,2012,3463.1,0
PHL,L111,T,2013,3474.21,0
PHL,L111,T,2014,3482.62,0
PHL,L111,T,2015,3491.03,0
PHL,L111,T,2016,3499.44,0
PHL,L111,T,2017,3507.85,0
PHL,L111,T,2018,3516.26,0
PHL,L111,T,2019,3524.67,0
PHL,L111,T,2020,3533.95,0
RUS,L111,T,2012,58219.24,0
RUS,L111,T,2013,58219.24,0
RUS,L111,T,2014,58219.24,0
RUS,L111,T,2015,58219.24,0
RUS,L111,T,2016,58219.24,0
RUS,L111,T,2017,58219.24,0
RUS,L111,T,2018,58219.24,0
RUS,L111,T,2019,58219.24,0
RUS,L111,T,2020,58219.24,0
ZAF,L111,T,2012,26020.33,0
ZAF,L111,T,2013,26020.33,0
ZAF,L111,T,2014,26020.33,0
ZAF,L111,T,2015,26020.33,0
ZAF,L111,T,2016,26020.33,0
ZAF,L111,T,2017,26020.33,0
ZAF,L111,T,2018,26020.33,0
ZAF,L111,T,2019,26020.33,0
ZAF,L111,T,2020,26020.33,0
UKR,L111,T,2012,11168.07,0
UKR,L111,T,2013,11229.9,0
UKR,L111,T,2014,11225.83,0
UKR,L111,T,2015,11225.0,0
UKR,L111,T,2016,11226.99,0
UKR,L111,T,2017,11219.93,0
UKR,L111,T,2018,11176.09,0
UKR,L111,T,2019,11171.03,0
UKR,L111,T,2020,11171.03,0
VNM,L111,T,2012,2989.191,0
VNM,L111,T,2013,3006.016,0
VNM,L111,T,2014,3012.343,0
VNM,L111,T,2015,3369.966,0
VNM,L111,T,2016,3377.138,0
VNM,L111,T,2017,3376.346,0
VNM,L111,T,2018,3368.863,0
VNM,L111,T,2019,3444.0,0
VNM,L111,T,2020,3435.82,0
AUS,C1,T,2012,3161.132,0
AUS,C1,T,2013,3161.726,0
AUS,C1,T,2014,2967.013,0
AUS,C1,T,2015,3273.317,0
AUS,C1,T,2016,2915.967,0
AUS,C1,T,2017,2883.148,0
AUS,C1,T,2018,2692.639,0
AUS,C1,T,2019,3331.422,0
AUS,C1,T,2020,3313.91,0
AUT,C1,T,2012,546.6,0
AUT,C1,T,2013,530.7,0
AUT,C1,T,2014,539.1,0
AUT,C1,T,2015,537.4,0
AUT,C1,T,2016,544.8,0
AUT,C1,T,2017,531.8,0
AUT,C1,T,2018,534.0,0
AUT,C1,T,2019,524.2,0
CAN,C1,T,2012,8700.241,0
CAN,C1,T,2013,9052.607,0
CAN,C1,T,2014,9136.646,0
CAN,C1,T,2015,9260.091,0
CAN,C1,T,2016,9484.747,0
CAN,C1,T,2017,9570.178,0
CAN,C1,T,2018,9495.9,0
CAN,C1,T,2019,9756.399,0
CAN,C1,T,2020,9769.232,0
COL,C1,T,2012,701.449,0
COL,C1,T,2013,678.602,0
COL,C1,T,2014,678.602,0
COL,C1,T,2015,678.602,0
COL,C1,T,2016,678.602,0
COL,C1,T,2017,678.602,0
COL,C1,T,2018,678.602,0
COL,C1,T,2019,678.602,0
COL,C1,T,2020,678.602,0
CRI,C1,T,2012,21.384,0
CRI,C1,T,2013,23.753,0
CRI,C1,T,2014,18.837,0
CRI,C1,T,2015,18.837,0
CRI,C1,T,2016,18.837,0
CRI,C1,T,2017,18.837,0
CRI,C1,T,2018,18.837,0
CRI,C1,T,2019,18.837,0
CRI,C1,T,2020,18.837,0
CZE,C1,T,2012,1028.6,0
CZE,C1,T,2013,1010.2,0
CZE,C1,T,2014,983.9,0
CZE,C1,T,2015,996.3,0
CZE,C1,T,2016,978.1,0
CZE,C1,T,2017,987.3,0
CZE,C1,T,2018,763.4,0
CZE,C1,T,2019,770.0,0
EST,C1,T,2012,27.5,0
FIN,C1,T,2015,759.2,0
FIN,C1,T,2016,733.5,0
FIN,C1,T,2017,697.2,0
FIN,C1,T,2018,679.2,0
FIN,C1,T,2019,690.7,0
FRA,C1,T,2012,6355.2,0
FRA,C1,T,2013,6425.9,0
FRA,C1,T,2014,6485.3,0
FRA,C1,T,2015,6515.1,0
FRA,C1,T,2016,5949.3,0
FRA,C1,T,2017,5845.8,0
FRA,C1,T,2018,5691.1,0
FRA,C1,T,2019,5904.9,0
DEU,C1,T,2012,4352.3,0
DEU,C1,T,2013,3838.1,0
DEU,C1,T,2014,4056.2,0
DEU,C1,T,2015,4161.9,0
DEU,C1,T,2016,4030.4,0
DEU,C1,T,2017,3925.03,0
DEU,C1,T,2018,3695.0,0
DEU,C1,T,2019,3733.1,0
HUN,C1,T,2012,1420.4,0
HUN,C1,T,2013,1387.9,0
HUN,C1,T,2014,1399.2,0
HUN,C1,T,2015,1457.9,0
HUN,C1,T,2016,1364.1,0
HUN,C1,T,2017,1253.6,0
ISL,C1,T,2012,2.442,0
ISL,C1,T,2013,2.876,0
ISL,C1,T,2014,2.844,0
ISL,C1,T,2015,2.022,0
ISL,C1,T,2016,2.259,0
ISL,C1,T,2017,2.777,0
ISL,C1,T,2018,2.613,0
ISL,C1,T,2019,3.3,0
ISL,C1,T,2020,3.3,0
ISL,C1,T,2021,4.26,0
IRL,C1,T,2012,186.6,0
IRL,C1,T,2013,185.4,0
IRL,C1,T,2014,187.3,0
IRL,C1,T,2015,177.7,0
IRL,C1,T,2016,172.8,0
IRL,C1,T,2017,143.5,0
JPN,C1,T,2012,410.04,0
JPN,C1,T,2013,395.65,0
JPN,C1,T,2014,385.34,0
JPN,C1,T,2015,408.39,0
JPN,C1,T,2016,412.34,0
KOR,C1,T,2012,160.635,0
KOR,C1,T,2013,160.79,0
KOR,C1,T,2014,152.427,0
KOR,C1,T,2015,151.687,0
KOR,C1,T,2016,79.701,0
KOR,C1,T,2017,70.892,0
KOR,C1,T,2018,74.342,0
KOR,C1,T,2019,68.556,0
KOR,C1,T,2020,65.331,0
LVA,C1,T,2018,483.8,0
LVA,C1,T,2019,504.1,0
LTU,C1,T,2018,855.9,0
LTU,C1,T,2019,923.0,0
MEX,C1,T,2012,670.104,0
MEX,C1,T,2013,661.249,0
MEX,C1,T,2014,469.902,0
MEX,C1,T,2015,977.005,0
MEX,C1,T,2016,1081.62,0
MEX,C1,T,2017,1007.677,0
MEX,C1,T,2018,931.594,0
MEX,C1,T,2019,917.313,0
MEX,C1,T,2020,1057.614,0
NLD,C1,T,2012,339.9,0
NLD,C1,T,2013,349.1,0
NLD,C1,T,2014,340.1,0
NLD,C1,T,2015,344.4,0
NLD,C1,T,2016,337.1,0
NLD,C1,T,2017,334.8,0
NLD,C1,T,2018,340.8,0
NLD,C1,T,2019,350.9,0
NZL,C1,T,2012,99.611,0
NZL,C1,T,2013,81.461,0
NZL,C1,T,2014,81.461,0
NZL,C1,T,2015,81.461,0
NZL,C1,T,2016,84.761,0
NZL,C1,T,2017,80.911,0
NZL,C1,T,2018,81.461,0
NZL,C1,T,2019,80.911,0
NZL,C1,T,2020,80.361,0
NZL,C1,T,2021,79.261,0
NOR,C1,T,2012,203.0,0
NOR,C1,T,2013,198.0,0
NOR,C1,T,2014,198.0,0
NOR,C1,T,2015,198.0,0
NOR,C1,T,2016,200.0,0
POL,C1,T,2012,6508.5,0
POL,C1,T,2013,6231.7,0
POL,C1,T,2014,6654.7,0
POL,C1,T,2015,6838.1,0
POL,C1,T,2016,6815.0,0
POL,C1,T,2017,6758.1,0
POL,C1,T,2018,6895.0,0
POL,C1,T,2019,6872.1,0
PRT,C1,T,2012,151.6,0
PRT,C1,T,2013,159.4,0
PRT,C1,T,2014,159.8,0
PRT,C1,T,2015,140.7,0
PRT,C1,T,2016,135.3,0
PRT,C1,T,2017,124.5,0
PRT,C1,T,2018,117.5,0
PRT,C1,T,2019,116.0,0
SVK,C1,T,2012,419.9,0
SVK,C1,T,2013,392.8,0
SVK,C1,T,2014,408.6,0
SVK,C1,T,2015,401.7,0
SVK,C1,T,2016,413.2,0
SVK,C1,T,2017,476.0,0
SVK,C1,T,2018,495.5,0
SVK,C1,T,2019,512.4,0
SVN,C1,T,2012,47.9,0
SVN,C1,T,2013,46.2,0
SVN,C1,T,2014,48.3,0
SVN,C1,T,2015,47.6,0
SVN,C1,T,2016,48.4,0
SVN,C1,T,2017,47.6,0
SVN,C1,T,2018,46.9,0
SVN,C1,T,2019,46.1,0
ESP,C1,T,2012,10206.2,0
ESP,C1,T,2013,10182.3,0
ESP,C1,T,2014,10480.3,0
ESP,C1,T,2015,10269.0,0
ESP,C1,T,2016,8868.4,0
ESP,C1,T,2017,8574.3,0
SWE,C1,T,2012,674.8,0
SWE,C1,T,2013,685.9,0
SWE,C1,T,2014,704.3,0
SWE,C1,T,2015,711.7,0
SWE,C1,T,2016,751.9,0
SWE,C1,T,2017,743.9,0
SWE,C1,T,2018,688.4,0
SWE,C1,T,2019,712.1,0
CHE,C1,T,2012,174.2,0
CHE,C1,T,2013,177.5,0
CHE,C1,T,2014,176.8,0
CHE,C1,T,2015,178.0,0
CHE,C1,T,2016,180.4,0
CHE,C1,T,2017,181.4,0
CHE,C1,T,2018,182.5,0
CHE,C1,T,2019,183.3,0
TUR,C1,T,2012,7330.999,0
TUR,C1,T,2013,7544.631,0
TUR,C1,T,2014,7544.631,0
TUR,C1,T,2015,7544.631,0
TUR,C1,T,2016,7544.631,0
TUR,C1,T,2017,7544.631,0
TUR,C1,T,2018,7544.631,0
TUR,C1,T,2019,7544.631,0
TUR,C1,T,2020,7544.631,0
TUR,C1,T,2021,7544.631,0
GBR,C1,T,2012,2091.0,0
GBR,C1,T,2013,2091.0,0
GBR,C1,T,2014,2028.0,0
GBR,C1,T,2015,2000.0,0
GBR,C1,T,2016,2006.0,0
GBR,C1,T,2017,1960.0,0
USA,C1,T,2012,25144.615,0
USA,C1,T,2013,26614.211,0
USA,C1,T,2014,26865.618,0
USA,C1,T,2015,26865.618,0
USA,C1,T,2016,26865.618,0
USA,C1,T,2017,26865.618,0
USA,C1,T,2018,26865.618,0
USA,C1,T,2019,26865.618,0
ARG,C1,T,2012,9492.311,0
ARG,C1,T,2013,9568.312,0
ARG,C1,T,2014,9568.312,0
ARG,C1,T,2015,9568.312,0
ARG,C1,T,2016,9568.312,0
ARG,C1,T,2017,9568.312,0
ARG,C1,T,2018,9568.312,0
ARG,C1,T,2019,9568.312,0
ARG,C1,T,2020,9568.312,0
BRA,C1,T,2012,12306.163,0
BRA,C1,T,2013,13302.82,0
BRA,C1,T,2014,13302.82,0
BRA,C1,T,2015,13302.82,0
BRA,C1,T,2016,13302.82,0
BRA,C1,T,2017,13302.82,0
BRA,C1,T,2018,13302.82,0
BRA,C1,T,2019,13302.82,0
BRA,C1,T,2020,13302.82,0
BGR,C1,T,2016,25046.3,0
BGR,C1,T,2017,27264.0,0
BGR,C1,T,2018,28309.5,0
BGR,C1,T,2019,5397.2,0
CHN,C1,T,2012,52061.448,0
CHN,C1,T,2013,51854.192,0
CHN,C1,T,2014,51834.384,0
CHN,C1,T,2015,51834.384,0
CHN,C1,T,2016,51834.384,0
CHN,C1,T,2017,51834.384,0
CHN,C1,T,2018,51834.384,0
CHN,C1,T,2019,51834.384,0
CHN,C1,T,2020,51834.384,0
HRV,C1,T,2012,382.9,0
HRV,C1,T,2013,383.5,0
HRV,C1,T,2014,325.3,0
HRV,C1,T,2015,321.4,0
HRV,C1,T,2016,347.1,0
HRV,C1,T,2017,303.3,0
HRV,C1,T,2018,300.9,0
HRV,C1,T,2019,319.8,0
IND,C1,T,2012,33158.284,0
IND,C1,T,2013,32746.335,0
IND,C1,T,2014,32746.335,0
IND,C1,T,2015,32746.335,0
IND,C1,T,2016,32746.335,0
IND,C1,T,2017,32746.335,0
IND,C1,T,2018,32746.335,0
IND,C1,T,2019,32746.335,0
IND,C1,T,2020,32746.335,0
IDN,C1,T,2012,2800.953,0
IDN,C1,T,2013,2843.603,0
IDN,C1,T,2014,2843.405,0
IDN,C1,T,2015,2843.405,0
IDN,C1,T,2016,2843.405,0
IDN,C1,T,2017,2843.405,0
IDN,C1,T,2018,2843.405,0
IDN,C1,T,2019,2843.405,0
IDN,C1,T,2020,2843.405,0
KAZ,C1,T,2012,9858.74,0
KAZ,C1,T,2013,9531.111,0
KAZ,C1,T,2014,9538.251,0
KAZ,C1,T,2015,9538.251,0
KAZ,C1,T,2016,9538.251,0
KAZ,C1,T,2017,9538.251,0
KAZ,C1,T,2018,9538.251,0
KAZ,C1,T,2019,9538.251,0
KAZ,C1,T,2020,9538.251,0
PHL,C1,T,2012,870.094,0
PHL,C1,T,2013,876.048,0
PHL,C1,T,2014,876.048,0
PHL,C1,T,2015,876.048,0
PHL,C1,T,2016,876.048,0
PHL,C1,T,2017,876.048,0
PHL,C1,T,2018,876.048,0
PHL,C1,T,2019,876.048,0
PHL,C1,T,2020,876.048,0
ROU,C1,T,2015,3692.0,0
ROU,C1,T,2016,3919.7,0
ROU,C1,T,2017,3734.5,0
ROU,C1,T,2018,3592.5,0
ROU,C1,T,2019,3792.8,0
RUS,C1,T,2012,45388.474,0
RUS,C1,T,2013,45486.812,0
RUS,C1,T,2014,45750.007,0
RUS,C1,T,2015,45750.007,0
RUS,C1,T,2016,45750.007,0
RUS,C1,T,2017,45750.007,0
RUS,C1,T,2018,45750.007,0
RUS,C1,T,2019,45750.007,0
RUS,C1,T,2020,45750.007,0
ZAF,C1,T,2012,469.037,0
ZAF,C1,T,2013,436.274,0
ZAF,C1,T,2014,444.638,0
ZAF,C1,T,2015,444.638,0
ZAF,C1,T,2016,444.638,0
ZAF,C1,T,2017,444.638,0
ZAF,C1,T,2018,444.638,0
ZAF,C1,T,2019,444.638,0
ZAF,C1,T,2020,444.638,0
UKR,C1,T,2012,13442.251,0
UKR,C1,T,2013,13111.091,0
UKR,C1,T,2014,13534.04,0
UKR,C1,T,2015,13534.04,0
UKR,C1,T,2016,13534.04,0
UKR,C1,T,2017,13534.04,0
UKR,C1,T,2018,13534.04,0
UKR,C1,T,2019,13534.04,0
UKR,C1,T,2020,13534.04,0
VNM,C1,T,2012,4115.006,0
VNM,C1,T,2013,4140.568,0
VNM,C1,T,2014,4229.763,0
VNM,C1,T,2015,4229.763,0
VNM,C1,T,2016,4229.763,0
VNM,C1,T,2017,4229.763,0
VNM,C1,T,2018,4229.763,0
VNM,C1,T,2019,4229.763,0
VNM,C1,T,2020,4229.763,0
AUS,L111,T,2012,5417849.078,0
AUS,L111,T,2013,5338270.843,0
AUS,L111,T,2014,5439026.025,0
AUS,L111,T,2015,5199900.52,0
AUS,L111,T,2016,5025033.396,0
AUS,L111,T,2017,5345293.369,0
AUS,L111,T,2018,5108239.425,0
AUS,L111,T,2019,5194833.973,0
AUS,L111,T,2020,5089372.487,0
AUT,L111,T,2012,42953.7,0
AUT,L111,T,2013,42936.5,0
AUT,L111,T,2014,40742.4,0
AUT,L111,T,2015,40805.6,0
AUT,L111,T,2016,40067.6,0
AUT,L111,T,2017,39833.5,0
AUT,L111,T,2018,39807.6,0
AUT,L111,T,2019,39783.3,0
CAN,L111,T,2012,288921.235,0
CAN,L111,T,2013,288942.509,0
CAN,L111,T,2014,286499.094,0
CAN,L111,T,2015,281966.039,0
CAN,L111,T,2016,279169.245,0
CAN,L111,T,2017,285247.542,0
CAN,L111,T,2018,284875.448,0
CAN,L111,T,2019,280624.226,0
CAN,L111,T,2020,281459.844,0
COL,L111,T,2012,324095.874,0
COL,L111,T,2013,340164.024,0
COL,L111,T,2014,340257.114,0
COL,L111,T,2015,340351.266,0
COL,L111,T,2016,340444.356,0
COL,L111,T,2017,396116.884,0
COL,L111,T,2018,396065.136,0
COL,L111,T,2019,396863.644,0
COL,L111,T,2020,383120.443,0
CRI,L111,T,2012,15146.297,0
CRI,L111,T,2013,15079.706,0
CRI,L111,T,2014,14888.157,0
CRI,L111,T,2015,14928.977,0
CRI,L111,T,2016,14992.479,0
CRI,L111,T,2017,15017.721,0
CRI,L111,T,2018,15050.005,0
CRI,L111,T,2019,14973.709,0
CRI,L111,T,2020,14824.244,0
CZE,L111,T,2012,77569.6,0
CZE,L111,T,2013,77462.0,0
CZE,L111,T,2014,77342.2,0
CZE,L111,T,2015,76861.8,0
CZE,L111,T,2016,76753.4,0
CZE,L111,T,2017,77469.3,0
CZE,L111,T,2018,77510.8,0
CZE,L111,T,2019,42283.9,0
EST,L111,T,2012,6217.5,0
FIN,L111,T,2015,3864.6,0
FIN,L111,T,2016,3873.5,0
FIN,L111,T,2018,6815.7,0
FIN,L111,T,2019,6821.4,0
FRA,L111,T,2012,158538.0,0
FRA,L111,T,2013,156303.7,0
FRA,L111,T,2014,159267.2,0
FRA,L111,T,2015,161459.3,0
FRA,L111,T,2016,164712.3,0
FRA,L111,T,2017,164713.5,0
FRA,L111,T,2018,162222.7,0
FRA,L111,T,2019,158181.8,0
DEU,L111,T,2012,333602.2,0
DEU,L111,T,2013,334247.0,0
DEU,L111,T,2014,334783.5,0
DEU,L111,T,2015,334896.6,0
DEU,L111,T,2016,216202.25,0
DEU,L111,T,2017,225278.55,0
DEU,L111,T,2018,199408.3,0
DEU,L111,T,2019,209650.8,0
HUN,L111,T,2012,48955.2,0
HUN,L111,T,2013,58900.1,0
HUN,L111,T,2014,69893.9,0
HUN,L111,T,2015,61078.7,0
HUN,L111,T,2016,63171.8,0
HUN,L111,T,2017,58875.3,0
ISL,L111,T,2012,3022.959,0
ISL,L111,T,2013,3022.959,0
ISL,L111,T,2014,3022.959,0
ISL,L111,T,2015,3022.959,0
ISL,L111,T,2016,3022.959,0
ISL,L111,T,2017,3022.959,0
ISL,L111,T,2018,3022.959,0
ISL,L111,T,2019,3022.959,0
ISL,L111,T,2020,3022.959,0
ISL,L111,T,2021,3022.959,0
IRL,L111,T,2012,47140.1,0
IRL,L111,T,2013,46569.1,0
IRL,L111,T,2014,46444.3,0
IRL,L111,T,2015,46066.8,0
IRL,L111,T,2016,46396.5,0
IRL,L111,T,2017,46690.8,0
ITA,L111,T,2016,169403.4,0
ITA,L111,T,2017,171545.8,0
JPN,L111,T,2012,22292.55,0
JPN,L111,T,2013,22229.34,0
JPN,L111,T,2014,22140.16,0
JPN,L111,T,2015,22029.91,0
JPN,L111,T,2016,21910.35,0
KOR,L111,T,2012,16417.146,0
KOR,L111,T,2013,16256.413,0
KOR,L111,T,2014,16287.89,0
KOR,L111,T,2015,15625.965,0
KOR,L111,T,2016,15602.351,0
KOR,L111,T,2017,15243.483,0
KOR,L111,T,2018,15413.534,0
KOR,L111,T,2019,15253.902,0
KOR,L111,T,2020,15073.995,0
LVA,L111,T,2016,11583.6,0
LVA,L111,T,2017,9661.0,0
LVA,L111,T,2018,9689.5,0
LVA,L111,T,2019,9797.0,0
LTU,L111,T,2018,21518.6,0
LTU,L111,T,2019,21268.9,0
MEX,L111,T,2012,1577454.38,0
MEX,L111,T,2013,1561559.85,0
MEX,L111,T,2014,1550122.74,0
MEX,L111,T,2015,1548746.37,0
MEX,L111,T,2016,1542138.62,0
MEX,L111,T,2017,1515759.18,0
MEX,L111,T,2018,1508169.41,0
MEX,L111,T,2019,1500191.75,0
MEX,L111,T,2020,1518440.91,0
NLD,L111,T,2012,45277.0,0
NLD,L111,T,2013,40377.1,0
NLD,L111,T,2014,43261.6,0
NLD,L111,T,2015,39463.7,0
NLD,L111,T,2016,39021.7,0
NLD,L111,T,2017,39841.9,0
NLD,L111,T,2018,42281.7,0
NLD,L111,T,2019,36715.7,0
NZL,L111,T,2012,22418.0,0
NZL,L111,T,2013,22212.0,0
NZL,L111,T,2014,22244.0,0
NZL,L111,T,2015,21700.0,0
NZL,L111,T,2016,21348.0,0
NZL,L111,T,2017,21558.0,0
NZL,L111,T,2018,21264.0,0
NZL,L111,T,2019,20856.0,0
NZL,L111,T,2020,20468.0,0
NZL,L111,T,2021,20350.0,0
NOR,L111,T,2012,4467.9,0
NOR,L111,T,2013,4442.1,0
NOR,L111,T,2014,4436.7,0
NOR,L111,T,2015,4437.2,0
NOR,L111,T,2016,4426.5,0
POL,L111,T,2012,158655.8,0
POL,L111,T,2013,151026.8,0
POL,L111,T,2014,157005.0,0
POL,L111,T,2015,130918.3,0
POL,L111,T,2016,154890.6,0
POL,L111,T,2017,173404.6,0
POL,L111,T,2018,132781.6,0
POL,L111,T,2019,127650.9,0
PRT,L111,T,2012,15304.6,0
PRT,L111,T,2013,15158.9,0
PRT,L111,T,2014,15819.9,0
PRT,L111,T,2015,16156.2,0
PRT,L111,T,2016,16144.6,0
PRT,L111,T,2017,16025.4,0
PRT,L111,T,2018,15858.2,0
PRT,L111,T,2019,17374.5,0
SVK,L111,T,2012,19388.6,0
SVK,L111,T,2013,18755.8,0
SVK,L111,T,2014,19655.0,0
SVK,L111,T,2015,18993.3,0
SVK,L111,T,2016,19035.2,0
SVK,L111,T,2017,18953.6,0
SVK,L111,T,2018,19195.4,0
SVK,L111,T,2019,19157.3,0
SVN,L111,T,2012,7194.8,0
SVN,L111,T,2013,7183.3,0
SVN,L111,T,2014,7233.3,0
SVN,L111,T,2015,7152.9,0
SVN,L111,T,2016,7165.1,0
SVN,L111,T,2017,7221.2,0
SVN,L111,T,2018,7159.4,0
SVN,L111,T,2019,7197.3,0
ESP,L111,T,2012,232748.4,0
ESP,L111,T,2013,244278.1,0
ESP,L111,T,2014,265032.9,0
ESP,L111,T,2015,259202.3,0
ESP,L111,T,2016,259202.0,0
ESP,L111,T,2017,175691.8,0
SWE,L111,T,2012,27283.5,0
SWE,L111,T,2013,18216.5,0
SWE,L111,T,2014,18216.4,0
SWE,L111,T,2015,18170.1,0
SWE,L111,T,2016,15104.6,0
SWE,L111,T,2017,15056.9,0
SWE,L111,T,2018,15002.0,0
SWE,L111,T,2019,15023.9,0
CHE,L111,T,2012,13706.4,0
CHE,L111,T,2013,13365.1,0
CHE,L111,T,2014,13020.7,0
CHE,L111,T,2015,12677.7,0
CHE,L111,T,2016,12655.6,0
CHE,L111,T,2017,12631.3,0
CHE,L111,T,2018,12608.9,0
CHE,L111,T,2019,12586.4,0
TUR,L111,T,2012,204281.015,0
TUR,L111,T,2013,204403.375,0
TUR,L111,T,2014,205137.535,0
TUR,L111,T,2015,205089.655,0
TUR,L111,T,2016,203903.295,0
TUR,L111,T,2017,201963.16,0
TUR,L111,T,2018,201080.04,0
TUR,L111,T,2019,201080.04,0
TUR,L111,T,2020,200893.84,0
TUR,L111,T,2021,202633.48,0
GBR,L111,T,2012,158132.7,0
GBR,L111,T,2013,157129.3,0
GBR,L111,T,2014,152835.7,0
GBR,L111,T,2015,153353.3,0
GBR,L111,T,2016,154720.7,0
GBR,L111,T,2017,156053.9,0
USA,L111,T,2012,3391145.916,0
USA,L111,T,2013,3379847.706,0
USA,L111,T,2014,3394641.209,0
USA,L111,T,2015,3380546.567,0
USA,L111,T,2016,3382609.938,0
USA,L111,T,2017,3382609.938,0
USA,L111,T,2018,3395560.161,0
USA,L111,T,2019,3346996.826,0
ARG,L111,T,2012,997935.2,0
ARG,L111,T,2013,983499.2,0
ARG,L111,T,2014,960103.2,0
ARG,L111,T,2015,936707.2,0
ARG,L111,T,2016,913311.2,0
ARG,L111,T,2017,889915.2,0
ARG,L111,T,2018,867054.078,0
ARG,L111,T,2019,867054.078,0
ARG,L111,T,2020,867054.078,0
BRA,L111,T,2012,1915974.88,0
BRA,L111,T,2013,1922051.468,0
BRA,L111,T,2014,1928127.834,0
BRA,L111,T,2015,1934204.199,0
BRA,L111,T,2016,1940280.787,0
BRA,L111,T,2017,1946344.373,0
BRA,L111,T,2018,1946346.548,0
BRA,L111,T,2019,1946346.548,0
BRA,L111,T,2020,1946346.548,0
BGR,L111,T,2016,70299.7,0
BGR,L111,T,2017,70413.4,0
BGR,L111,T,2018,70423.9,0
BGR,L111,T,2019,70524.6,0
CHN,L111,T,2012,4325518.699,0
CHN,L111,T,2013,4325584.568,0
CHN,L111,T,2014,4324454.356,0
CHN,L111,T,2015,4323800.637,0
CHN,L111,T,2016,4322946.345,0
CHN,L111,T,2017,4322512.247,0
CHN,L111,T,2018,4322486.777,0
CHN,L111,T,2019,4322481.471,0
CHN,L111,T,2020,4322469.798,0
HRV,L111,T,2012,12820.2,0
HRV,L111,T,2013,14342.2,0
HRV,L111,T,2014,15188.7,0
HRV,L111,T,2015,15380.0,0
HRV,L111,T,2016,15460.0,0
HRV,L111,T,2017,14966.6,0
HRV,L111,T,2018,14856.5,0
HRV,L111,T,2019,15044.5,0
IND,L111,T,2012,1875469.026,0
IND,L111,T,2013,1876239.297,0
IND,L111,T,2014,1876528.115,0
IND,L111,T,2015,1875975.513,0
IND,L111,T,2016,1874949.402,0
IND,L111,T,2017,1871054.859,0
IND,L111,T,2018,1869857.165,0
IND,L111,T,2019,1868982.27,0
IND,L111,T,2020,1868983.219,0
IDN,L111,T,2012,568389.098,0
IDN,L111,T,2013,573806.867,0
IDN,L111,T,2014,573806.867,0
IDN,L111,T,2015,576990.563,0
IDN,L111,T,2016,608101.116,0
IDN,L111,T,2017,630610.204,0
IDN,L111,T,2018,630610.204,0
IDN,L111,T,2019,630610.204,0
IDN,L111,T,2020,630610.204,0
KAZ,L111,T,2012,1687214.79,0
KAZ,L111,T,2013,1687302.178,0
KAZ,L111,T,2014,1686124.896,0
KAZ,L111,T,2015,1682599.295,0
KAZ,L111,T,2016,1682605.256,0
KAZ,L111,T,2017,1682445.71,0
KAZ,L111,T,2018,1681442.891,0
KAZ,L111,T,2019,1665118.305,0
KAZ,L111,T,2020,1665904.381,0
PHL,L111,T,2012,128180.199,0
PHL,L111,T,2013,128600.553,0
PHL,L111,T,2014,128914.783,0
PHL,L111,T,2015,129229.014,0
PHL,L111,T,2016,129543.244,0
PHL,L111,T,2017,129857.475,0
PHL,L111,T,2018,130171.706,0
PHL,L111,T,2019,130485.936,0
PHL,L111,T,2020,130832.674,0
ROU,L111,T,2015,121748.0,0
ROU,L111,T,2016,118983.5,0
ROU,L111,T,2017,117725.8,0
ROU,L111,T,2018,118040.9,0
ROU,L111,T,2019,121665.4,0
RUS,L111,T,2012,1985044.839,0
RUS,L111,T,2013,1985044.839,0
RUS,L111,T,2014,1985044.839,0
RUS,L111,T,2015,1985044.839,0
RUS,L111,T,2016,1985044.839,0
RUS,L111,T,2017,1985044.839,0
RUS,L111,T,2018,1985044.839,0
RUS,L111,T,2019,1985044.839,0
RUS,L111,T,2020,1985044.839,0
ZAF,L111,T,2012,746921.877,0
ZAF,L111,T,2013,746921.877,0
ZAF,L111,T,2014,746921.877,0
ZAF,L111,T,2015,746921.877,0
ZAF,L111,T,2016,746921.877,0
ZAF,L111,T,2017,746921.877,0
ZAF,L111,T,2018,746921.877,0
ZAF,L111,T,2019,746921.877,0
ZAF,L111,T,2020,746921.877,0
UKR,L111,T,2012,412566.608,0
UKR,L111,T,2013,415095.332,0
UKR,L111,T,2014,414958.908,0
UKR,L111,T,2015,414949.831,0
UKR,L111,T,2016,415021.95,0
UKR,L111,T,2017,414814.536,0
UKR,L111,T,2018,413910.578,0
UKR,L111,T,2019,413858.512,0
UKR,L111,T,2020,413858.512,0
VNM,L111,T,2012,113271.047,0
VNM,L111,T,2013,113910.962,0
VNM,L111,T,2014,114140.393,0
VNM,L111,T,2015,127813.516,0
VNM,L111,T,2016,128078.975,0
VNM,L111,T,2017,128044.299,0
VNM,L111,T,2018,127745.734,0
VNM,L111,T,2019,130465.054,0
VNM,L111,T,2020,130160.989,0
AUS,B1,T,2012,1928680.379,0
AUS,B1,T,2013,1857379.183,0
AUS,B1,T,2014,1888761.181,0
AUS,B1,T,2015,1895228.316,0
AUS,B1,T,2016,1920641.114,0
AUS,B1,T,2017,2040616.462,0
AUS,B1,T,2018,1828457.588,0
AUS,B1,T,2019,1855496.058,0
AUS,B1,T,2020,1894701.901,0
AUT,B1,T,2012,5208.1,0
AUT,B1,T,2013,4938.1,0
AUT,B1,T,2014,5709.3,0
AUT,B1,T,2015,5490.5,0
AUT,B1,T,2016,6109.7,0
AUT,B1,T,2017,6040.1,0
AUT,B1,T,2018,5852.8,0
AUT,B1,T,2019,6193.7,0
CAN,B1,T,2012,1583570.067,0
CAN,B1,T,2013,1578928.052,0
CAN,B1,T,2014,1649696.333,0
CAN,B1,T,2015,1644102.371,0
CAN,B1,T,2016,1706808.293,0
CAN,B1,T,2017,1740475.904,0
CAN,B1,T,2018,1616998.259,0
CAN,B1,T,2019,1562875.64,0
CAN,B1,T,2020,1511956.295,0
COL,B1,T,2012,14838.755,0
COL,B1,T,2013,15198.943,0
COL,B1,T,2014,15499.977,0
COL,B1,T,2015,15602.168,0
COL,B1,T,2016,15190.519,0
COL,B1,T,2017,13129.599,0
COL,B1,T,2018,11962.353,0
COL,B1,T,2019,13611.88,0
COL,B1,T,2020,14248.651,0
CRI,B1,T,2012,1659.976,0
CRI,B1,T,2013,1596.425,0
CRI,B1,T,2014,1615.375,0
CRI,B1,T,2015,1783.075,0
CRI,B1,T,2016,1663.366,0
CRI,B1,T,2017,1222.893,0
CRI,B1,T,2018,1349.612,0
CRI,B1,T,2019,1242.46,0
CRI,B1,T,2020,1251.318,0
CZE,B1,T,2012,34194.1,0
CZE,B1,T,2013,33437.6,0
CZE,B1,T,2014,34067.6,0
CZE,B1,T,2015,36549.8,0
CZE,B1,T,2016,50978.7,0
CZE,B1,T,2017,53513.5,0
CZE,B1,T,2018,43955.4,0
CZE,B1,T,2019,46107.1,0
EST,B1,T,2012,12717.5,0
FIN,B1,T,2015,6075.8,0
FIN,B1,T,2016,6494.8,0
FIN,B1,T,2017,7091.6,0
FIN,B1,T,2018,7145.6,0
FIN,B1,T,2019,7487.7,0
FRA,B1,T,2012,350394.8,0
FRA,B1,T,2013,339031.4,0
FRA,B1,T,2014,382584.0,0
FRA,B1,T,2015,325853.0,0
FRA,B1,T,2016,302116.5,0
FRA,B1,T,2017,333548.3,0
FRA,B1,T,2018,295333.5,0
FRA,B1,T,2019,293279.5,0
DEU,B1,T,2012,193872.9,0
DEU,B1,T,2013,192399.6,0
DEU,B1,T,2014,195834.6,0
DEU,B1,T,2015,205794.3,0
DEU,B1,T,2016,211401.37,0
DEU,B1,T,2017,215609.3,0
DEU,B1,T,2018,216090.9,0
DEU,B1,T,2019,220850.6,0
HUN,B1,T,2012,16235.8,0
HUN,B1,T,2013,16223.1,0
HUN,B1,T,2014,15927.3,0
HUN,B1,T,2015,17200.8,0
HUN,B1,T,2016,19522.5,0
HUN,B1,T,2017,20383.1,0
ISL,B1,T,2012,6117.91,0
ISL,B1,T,2013,6117.91,0
ISL,B1,T,2014,6117.91,0
ISL,B1,T,2015,6117.91,0
ISL,B1,T,2016,6117.91,0
ISL,B1,T,2017,6117.91,0
ISL,B1,T,2018,6117.91,0
ISL,B1,T,2019,6117.91,0
ISL,B1,T,2020,6117.91,0
ISL,B1,T,2021,6117.91,0
IRL,B1,T,2012,34781.6,0
IRL,B1,T,2013,34668.8,0
IRL,B1,T,2014,34408.8,0
IRL,B1,T,2015,38102.4,0
IRL,B1,T,2016,38411.2,0
IRL,B1,T,2017,40207.2,0
ITA,B1,T,2016,167181.9,0
ITA,B1,T,2017,169825.5,0
JPN,B1,T,2012,135543.26,0
JPN,B1,T,2013,135153.81,0
JPN,B1,T,2014,135122.06,0
JPN,B1,T,2015,135573.86,0
JPN,B1,T,2016,135627.71,0
KOR,B1,T,2012,19908.454,0
KOR,B1,T,2013,20012.597,0
KOR,B1,T,2014,19560.347,0
KOR,B1,T,2015,16995.754,0
KOR,B1,T,2016,16014.432,0
KOR,B1,T,2017,15432.969,0
KOR,B1,T,2018,16087.134,0
KOR,B1,T,2019,16820.08,0
KOR,B1,T,2020,16254.773,0
LVA,B1,T,2016,21149.5,0
LVA,B1,T,2017,12727.0,0
LVA,B1,T,2018,11313.6,0
LVA,B1,T,2019,10455.7,0
LTU,B1,T,2018,22215.4,0
LTU,B1,T,2019,19750.4,0
MEX,B1,T,2012,607480.849,0
MEX,B1,T,2013,622226.608,0
MEX,B1,T,2014,617026.819,0
MEX,B1,T,2015,606093.29,0
MEX,B1,T,2016,607039.666,0
MEX,B1,T,2017,608647.709,0
MEX,B1,T,2018,606474.117,0
MEX,B1,T,2019,551343.226,0
MEX,B1,T,2020,590379.92,0
NLD,B1,T,2012,5858.3,0
NLD,B1,T,2013,5936.1,0
NLD,B1,T,2014,6195.9,0
NLD,B1,T,2015,6529.8,0
NLD,B1,T,2016,7005.0,0
NLD,B1,T,2017,7248.9,0
NLD,B1,T,2018,7228.4,0
NLD,B1,T,2019,7605.1,0
NZL,B1,T,2012,374502.56,0
NZL,B1,T,2013,369264.73,0
NZL,B1,T,2014,368432.63,0
NZL,B1,T,2015,358330.3,0
NZL,B1,T,2016,353091.4,0
NZL,B1,T,2017,355873.4,0
NZL,B1,T,2018,349596.1,0
NZL,B1,T,2019,343094.5,0
NZL,B1,T,2020,337003.7,0
NZL,B1,T,2021,334666.5,0
NOR,B1,T,2012,246.8,0
NOR,B1,T,2013,139.7,0
NOR,B1,T,2014,205.1,0
NOR,B1,T,2015,241.1,0
NOR,B1,T,2016,294.5,0
POL,B1,T,2012,55514.7,0
POL,B1,T,2013,56850.3,0
POL,B1,T,2014,52976.5,0
POL,B1,T,2015,89512.7,0
POL,B1,T,2016,95954.2,0
POL,B1,T,2017,73629.5,0
POL,B1,T,2018,75581.8,0
POL,B1,T,2019,68339.5,0
PRT,B1,T,2012,32680.5,0
PRT,B1,T,2013,32282.6,0
PRT,B1,T,2014,32164.2,0
PRT,B1,T,2015,37746.2,0
PRT,B1,T,2016,38404.5,0
PRT,B1,T,2017,38385.6,0
PRT,B1,T,2018,38224.4,0
PRT,B1,T,2019,38321.2,0
SVK,B1,T,2012,34808.0,0
SVK,B1,T,2013,35341.5,0
SVK,B1,T,2014,36006.6,0
SVK,B1,T,2015,34994.6,0
SVK,B1,T,2016,33622.4,0
SVK,B1,T,2017,21688.4,0
SVK,B1,T,2018,59468.4,0
SVK,B1,T,2019,60007.0,0
SVN,B1,T,2012,2052.6,0
SVN,B1,T,2013,2141.9,0
SVN,B1,T,2014,2127.8,0
SVN,B1,T,2015,2846.4,0
SVN,B1,T,2016,3397.6,0
SVN,B1,T,2017,3378.7,0
SVN,B1,T,2018,3135.2,0
SVN,B1,T,2019,2848.1,0
ESP,B1,T,2012,159236.5,0
ESP,B1,T,2013,168849.7,0
ESP,B1,T,2014,164137.2,0
ESP,B1,T,2015,163213.5,0
ESP,B1,T,2016,163214.0,0
ESP,B1,T,2017,176589.9,0
SWE,B1,T,2012,34092.6,0
SWE,B1,T,2013,34416.5,0
SWE,B1,T,2014,34395.3,0
SWE,B1,T,2015,34790.9,0
SWE,B1,T,2016,34794.6,0
SWE,B1,T,2017,33668.3,0
SWE,B1,T,2018,33994.2,0
SWE,B1,T,2019,33815.4,0
CHE,B1,T,2012,38280.7,0
CHE,B1,T,2013,37822.2,0
CHE,B1,T,2014,37373.7,0
CHE,B1,T,2015,37025.4,0
CHE,B1,T,2016,37018.3,0
CHE,B1,T,2017,36618.2,0
CHE,B1,T,2018,36275.2,0
CHE,B1,T,2019,36762.4,0
TUR,B1,T,2012,388984.748,0
TUR,B1,T,2013,381731.748,0
TUR,B1,T,2014,391936.248,0
TUR,B1,T,2015,380327.748,0
TUR,B1,T,2016,378598.248,0
TUR,B1,T,2017,384977.0,0
TUR,B1,T,2018,386498.0,0
TUR,B1,T,2019,386498.0,0
TUR,B1,T,2020,392155.5,0
TUR,B1,T,2021,400246.0,0
GBR,B1,T,2012,72855.5,0
GBR,B1,T,2013,80544.0,0
GBR,B1,T,2014,78346.7,0
GBR,B1,T,2015,99077.9,0
GBR,B1,T,2016,102690.8,0
GBR,B1,T,2017,104709.3,0
USA,B1,T,2012,6387973.03,0
USA,B1,T,2013,6448953.447,0
USA,B1,T,2014,6777873.759,0
USA,B1,T,2015,6689241.495,0
USA,B1,T,2016,6636431.787,0
USA,B1,T,2017,6897903.531,0
USA,B1,T,2018,6758664.307,0
USA,B1,T,2019,6264410.47,0
ARG,B1,T,2012,1960766.167,0
ARG,B1,T,2013,2385812.48,0
ARG,B1,T,2014,2601611.033,0
ARG,B1,T,2015,2997151.723,0
ARG,B1,T,2016,2860811.502,0
ARG,B1,T,2017,2684365.858,0
ARG,B1,T,2018,1857592.833,0
ARG,B1,T,2019,2699504.615,0
ARG,B1,T,2020,2731710.763,0
BRA,B1,T,2012,2563425.809,0
BRA,B1,T,2013,2847766.991,0
BRA,B1,T,2014,3099349.213,0
BRA,B1,T,2015,3254113.099,0
BRA,B1,T,2016,3326929.679,0
BRA,B1,T,2017,3417072.933,0
BRA,B1,T,2018,3497918.236,0
BRA,B1,T,2019,3585173.89,0
BRA,B1,T,2020,3713464.159,0
BGR,B1,T,2016,25185.6,0
BGR,B1,T,2017,3600.0,0
BGR,B1,T,2018,28007.6,0
BGR,B1,T,2019,6812.5,0
CHN,B1,T,2012,871667.808,0
CHN,B1,T,2013,827658.05,0
CHN,B1,T,2014,824402.701,0
CHN,B1,T,2015,797797.464,0
CHN,B1,T,2016,869712.391,0
CHN,B1,T,2017,985643.872,0
CHN,B1,T,2018,1005846.953,0
CHN,B1,T,2019,1085522.88,0
CHN,B1,T,2020,1133435.839,0
HRV,B1,T,2012,12074.4,0
HRV,B1,T,2013,12569.3,0
HRV,B1,T,2014,13673.2,0
HRV,B1,T,2015,14923.5,0
HRV,B1,T,2016,14393.6,0
HRV,B1,T,2017,15163.6,0
HRV,B1,T,2018,14337.5,0
HRV,B1,T,2019,15323.0,0
IND,B1,T,2012,3024717.922,0
IND,B1,T,2013,3099353.364,0
IND,B1,T,2014,3231000.554,0
IND,B1,T,2015,3178475.654,0
IND,B1,T,2016,3432176.985,0
IND,B1,T,2017,3735023.296,0
IND,B1,T,2018,3632153.076,0
IND,B1,T,2019,3429200.182,0
IND,B1,T,2020,3696105.395,0
IDN,B1,T,2012,72519.653,0
IDN,B1,T,2013,66093.941,0
IDN,B1,T,2014,74212.52,0
IDN,B1,T,2015,75700.297,0
IDN,B1,T,2016,71793.237,0
IDN,B1,T,2017,49610.251,0
IDN,B1,T,2018,83163.666,0
IDN,B1,T,2019,77162.691,0
IDN,B1,T,2020,80311.874,0
KAZ,B1,T,2012,16789.396,0
KAZ,B1,T,2013,16694.006,0
KAZ,B1,T,2014,20645.157,0
KAZ,B1,T,2015,23474.968,0
KAZ,B1,T,2016,36032.842,0
KAZ,B1,T,2017,80439.253,0
KAZ,B1,T,2018,76739.989,0
KAZ,B1,T,2019,45342.789,0
KAZ,B1,T,2020,39489.264,0
PHL,B1,T,2012,6450.928,0
PHL,B1,T,2013,6404.024,0
PHL,B1,T,2014,6368.744,0
PHL,B1,T,2015,5904.419,0
PHL,B1,T,2016,6115.806,0
PHL,B1,T,2017,6123.45,0
PHL,B1,T,2018,6122.114,0
PHL,B1,T,2019,6121.692,0
PHL,B1,T,2020,6121.269,0
ROU,B1,T,2015,103372.0,0
ROU,B1,T,2016,105679.3,0
ROU,B1,T,2017,113195.3,0
ROU,B1,T,2018,115844.1,0
ROU,B1,T,2019,113872.5,0
RUS,B1,T,2012,259814.079,0
RUS,B1,T,2013,242229.924,0
RUS,B1,T,2014,296001.284,0
RUS,B1,T,2015,310516.883,0
RUS,B1,T,2016,329204.366,0
RUS,B1,T,2017,405972.185,0
RUS,B1,T,2018,461241.265,0
RUS,B1,T,2019,421217.864,0
RUS,B1,T,2020,401671.451,0
ZAF,B1,T,2012,49397.619,0
ZAF,B1,T,2013,53888.226,0
ZAF,B1,T,2014,53495.751,0
ZAF,B1,T,2015,71204.295,0
ZAF,B1,T,2016,51730.525,0
ZAF,B1,T,2017,59226.033,0
ZAF,B1,T,2018,79927.278,0
ZAF,B1,T,2019,75081.883,0
ZAF,B1,T,2020,71963.008,0
UKR,B1,T,2012,156436.058,0
UKR,B1,T,2013,146987.543,0
UKR,B1,T,2014,186251.886,0
UKR,B1,T,2015,220202.079,0
UKR,B1,T,2016,199873.57,0
UKR,B1,T,2017,225503.752,0
UKR,B1,T,2018,205678.202,0
UKR,B1,T,2019,178705.483,0
UKR,B1,T,2020,152436.009,0
VNM,B1,T,2012,36862.386,0
VNM,B1,T,2013,35907.317,0
VNM,B1,T,2014,35163.409,0
VNM,B1,T,2015,35156.931,0
VNM,B1,T,2016,33260.513,0
VNM,B1,T,2017,30816.291,0
VNM,B1,T,2018,29018.242,0
VNM,B1,T,2019,28017.526,0
VNM,B1,T,2020,27027.065,0
AUS,C1,T,2012,17209.817,0
AUS,C1,T,2013,17158.427,0
AUS,C1,T,2014,16059.254,0
AUS,C1,T,2015,17662.684,0
AUS,C1,T,2016,15759.425,0
AUS,C1,T,2017,15522.059,0
AUS,C1,T,2018,14530.777,0
AUS,C1,T,2019,18061.041,0
AUS,C1,T,2020,17986.16,0
AUT,C1,T,2012,3655.1,0
AUT,C1,T,2013,3643.3,0
AUT,C1,T,2014,3924.4,0
AUT,C1,T,2015,4193.8,0
AUT,C1,T,2016,4109.1,0
AUT,C1,T,2017,4274.6,0
AUT,C1,T,2018,4317.0,0
AUT,C1,T,2019,4240.4,0
CAN,C1,T,2012,55321.597,0
CAN,C1,T,2013,57481.478,0
CAN,C1,T,2014,59854.795,0
CAN,C1,T,2015,60571.437,0
CAN,C1,T,2016,62755.85,0
CAN,C1,T,2017,64643.982,0
CAN,C1,T,2018,62487.292,0
CAN,C1,T,2019,63806.978,0
CAN,C1,T,2020,63334.173,0
COL,C1,T,2012,5172.908,0
COL,C1,T,2013,5319.053,0
COL,C1,T,2014,5377.075,0
COL,C1,T,2015,5435.097,0
COL,C1,T,2016,5493.119,0
COL,C1,T,2017,5551.141,0
COL,C1,T,2018,5551.141,0
COL,C1,T,2019,5551.141,0
COL,C1,T,2020,5551.141,0
CRI,C1,T,2012,146.585,0
CRI,C1,T,2013,160.282,0
CRI,C1,T,2014,139.079,0
CRI,C1,T,2015,140.675,0
CRI,C1,T,2016,142.271,0
CRI,C1,T,2017,143.867,0
CRI,C1,T,2018,143.867,0
CRI,C1,T,2019,143.867,0
CRI,C1,T,2020,143.867,0
CZE,C1,T,2012,7550.4,0
CZE,C1,T,2013,7550.4,0
CZE,C1,T,2014,5490.7,0
CZE,C1,T,2015,5639.2,0
CZE,C1,T,2016,4252.9,0
CZE,C1,T,2017,4269.1,0
CZE,C1,T,2018,4217.9,0
CZE,C1,T,2019,4253.0,0
EST,C1,T,2012,142.4,0
FIN,C1,T,2015,4626.4,0
FIN,C1,T,2016,4462.8,0
FIN,C1,T,2017,4268.4,0
FIN,C1,T,2018,4158.1,0
FIN,C1,T,2019,4228.5,0
FRA,C1,T,2012,34655.7,0
FRA,C1,T,2013,35030.9,0
FRA,C1,T,2014,35327.6,0
FRA,C1,T,2015,35566.5,0
FRA,C1,T,2016,35731.6,0
FRA,C1,T,2017,35113.9,0
FRA,C1,T,2018,34186.4,0
FRA,C1,T,2019,35470.8,0
DEU,C1,T,2012,24067.1,0
DEU,C1,T,2013,20871.5,0
DEU,C1,T,2014,22164.8,0
DEU,C1,T,2015,22972.6,0
DEU,C1,T,2016,20945.32,0
DEU,C1,T,2017,20808.76,0
DEU,C1,T,2018,19168.0,0
DEU,C1,T,2019,19307.4,0
HUN,C1,T,2012,7545.8,0
HUN,C1,T,2013,7352.3,0
HUN,C1,T,2014,7542.0,0
HUN,C1,T,2015,7807.1,0
HUN,C1,T,2016,7305.4,0
HUN,C1,T,2017,6719.5,0
ISL,C1,T,2012,13.562,0
ISL,C1,T,2013,15.835,0
ISL,C1,T,2014,15.675,0
ISL,C1,T,2015,11.563,0
ISL,C1,T,2016,12.747,0
ISL,C1,T,2017,15.558,0
ISL,C1,T,2018,14.982,0
ISL,C1,T,2019,18.32,0
ISL,C1,T,2020,18.371,0
ISL,C1,T,2021,23.222,0
IRL,C1,T,2012,930.9,0
IRL,C1,T,2013,922.1,0
IRL,C1,T,2014,925.7,0
IRL,C1,T,2015,878.1,0
IRL,C1,T,2016,860.2,0
IRL,C1,T,2017,707.4,0
JPN,C1,T,2012,2067.29,0
JPN,C1,T,2013,1988.39,0
JPN,C1,T,2014,1938.94,0
JPN,C1,T,2015,2046.14,0
JPN,C1,T,2016,2084.89,0
KOR,C1,T,2012,1090.624,0
KOR,C1,T,2013,1114.563,0
KOR,C1,T,2014,1066.677,0
KOR,C1,T,2015,1012.806,0
KOR,C1,T,2016,518.209,0
KOR,C1,T,2017,468.699,0
KOR,C1,T,2018,489.377,0
KOR,C1,T,2019,452.194,0
KOR,C1,T,2020,437.651,0
LVA,C1,T,2018,2843.5,0
LVA,C1,T,2019,2954.5,0
LTU,C1,T,2018,4694.1,0
LTU,C1,T,2019,5090.2,0
MEX,C1,T,2012,3703.206,0
MEX,C1,T,2013,3707.354,0
MEX,C1,T,2014,2596.748,0
MEX,C1,T,2015,5107.515,0
MEX,C1,T,2016,5606.334,0
MEX,C1,T,2017,5182.952,0
MEX,C1,T,2018,4671.444,0
MEX,C1,T,2019,4528.637,0
MEX,C1,T,2020,5308.333,0
NLD,C1,T,2012,2000.0,0
NLD,C1,T,2013,2056.5,0
NLD,C1,T,2014,2010.6,0
NLD,C1,T,2015,2035.4,0
NLD,C1,T,2016,1999.6,0
NLD,C1,T,2017,1995.3,0
NLD,C1,T,2018,2030.6,0
NLD,C1,T,2019,2086.2,0
NZL,C1,T,2012,574.88,0
NZL,C1,T,2013,465.98,0
NZL,C1,T,2014,465.98,0
NZL,C1,T,2015,465.98,0
NZL,C1,T,2016,485.78,0
NZL,C1,T,2017,462.68,0
NZL,C1,T,2018,465.98,0
NZL,C1,T,2019,462.68,0
NZL,C1,T,2020,459.38,0
NZL,C1,T,2021,454.78,0
NOR,C1,T,2012,1220.3,0
NOR,C1,T,2013,1187.0,0
NOR,C1,T,2014,1200.5,0
NOR,C1,T,2015,1205.4,0
NOR,C1,T,2016,1208.0,0
POL,C1,T,2012,32476.6,0
POL,C1,T,2013,32003.3,0
POL,C1,T,2014,33543.7,0
POL,C1,T,2015,35581.5,0
POL,C1,T,2016,35452.8,0
POL,C1,T,2017,34583.7,0
POL,C1,T,2018,35216.8,0
POL,C1,T,2019,34879.4,0
PRT,C1,T,2012,860.0,0
PRT,C1,T,2013,896.4,0
PRT,C1,T,2014,895.7,0
PRT,C1,T,2015,801.3,0
PRT,C1,T,2016,775.1,0
PRT,C1,T,2017,718.6,0
PRT,C1,T,2018,680.9,0
PRT,C1,T,2019,669.3,0
SVK,C1,T,2012,2414.3,0
SVK,C1,T,2013,2272.7,0
SVK,C1,T,2014,2355.2,0
SVK,C1,T,2015,2306.0,0
SVK,C1,T,2016,2380.1,0
SVK,C1,T,2017,2929.5,0
SVK,C1,T,2018,3050.4,0
SVK,C1,T,2019,3154.3,0
SVN,C1,T,2012,287.2,0
SVN,C1,T,2013,277.2,0
SVN,C1,T,2014,289.3,0
SVN,C1,T,2015,290.7,0
SVN,C1,T,2016,300.2,0
SVN,C1,T,2017,295.2,0
SVN,C1,T,2018,287.4,0
SVN,C1,T,2019,280.0,0
ESP,C1,T,2012,25262.9,0
ESP,C1,T,2013,25091.7,0
ESP,C1,T,2014,25954.1,0
ESP,C1,T,2015,25508.9,0
ESP,C1,T,2016,25509.0,0
ESP,C1,T,2017,21188.0,0
SWE,C1,T,2012,3829.6,0
SWE,C1,T,2013,3853.6,0
SWE,C1,T,2014,3967.5,0
SWE,C1,T,2015,4063.3,0
SWE,C1,T,2016,4348.8,0
SWE,C1,T,2017,4298.0,0
SWE,C1,T,2018,3955.0,0
SWE,C1,T,2019,4056.3,0
CHE,C1,T,2012,949.1,0
CHE,C1,T,2013,974.7,0
CHE,C1,T,2014,972.9,0
CHE,C1,T,2015,981.1,0
CHE,C1,T,2016,995.9,0
CHE,C1,T,2017,1004.4,0
CHE,C1,T,2018,1012.5,0
CHE,C1,T,2019,1020.6,0
TUR,C1,T,2012,39591.443,0
TUR,C1,T,2013,40719.742,0
TUR,C1,T,2014,40719.742,0
TUR,C1,T,2015,40719.742,0
TUR,C1,T,2016,40719.742,0
TUR,C1,T,2017,40719.742,0
TUR,C1,T,2018,40719.742,0
TUR,C1,T,2019,40719.742,0
TUR,C1,T,2020,40719.742,0
TUR,C1,T,2021,40719.742,0
GBR,C1,T,2012,11381.8,0
GBR,C1,T,2013,11472.4,0
GBR,C1,T,2014,11085.3,0
GBR,C1,T,2015,10911.6,0
GBR,C1,T,2016,10940.7,0
GBR,C1,T,2017,10592.7,0
USA,C1,T,2012,141763.828,0
USA,C1,T,2013,148489.707,0
USA,C1,T,2014,150920.038,0
USA,C1,T,2015,152118.706,0
USA,C1,T,2016,152118.706,0
USA,C1,T,2017,152118.706,0
USA,C1,T,2018,152126.286,0
USA,C1,T,2019,152133.866,0
ARG,C1,T,2012,76697.543,0
ARG,C1,T,2013,76797.19,0
ARG,C1,T,2014,76797.19,0
ARG,C1,T,2015,76797.19,0
ARG,C1,T,2016,76797.19,0
ARG,C1,T,2017,76797.19,0
ARG,C1,T,2018,76797.19,0
ARG,C1,T,2019,76797.19,0
ARG,C1,T,2020,76797.19,0
BRA,C1,T,2012,104253.579,0
BRA,C1,T,2013,112931.286,0
BRA,C1,T,2014,112947.076,0
BRA,C1,T,2015,112962.866,0
BRA,C1,T,2016,112978.656,0
BRA,C1,T,2017,112994.446,0
BRA,C1,T,2018,112994.446,0
BRA,C1,T,2019,112994.446,0
BRA,C1,T,2020,112994.446,0
BGR,C1,T,2016,143121.9,0
BGR,C1,T,2017,155796.5,0
BGR,C1,T,2018,161768.8,0
BGR,C1,T,2019,32768.6,0
CHN,C1,T,2012,302416.562,0
CHN,C1,T,2013,301369.571,0
CHN,C1,T,2014,301235.508,0
CHN,C1,T,2015,301350.273,0
CHN,C1,T,2016,301465.038,0
CHN,C1,T,2017,301579.803,0
CHN,C1,T,2018,301579.803,0
CHN,C1,T,2019,301579.803,0
CHN,C1,T,2020,301579.803,0
HRV,C1,T,2012,2024.7,0
HRV,C1,T,2013,2041.3,0
HRV,C1,T,2014,1722.8,0
HRV,C1,T,2015,1693.8,0
HRV,C1,T,2016,1835.7,0
HRV,C1,T,2017,1577.6,0
HRV,C1,T,2018,1586.7,0
HRV,C1,T,2019,1680.8,0
IND,C1,T,2012,202445.742,0
IND,C1,T,2013,197173.771,0
IND,C1,T,2014,197173.771,0
IND,C1,T,2015,197173.771,0
IND,C1,T,2016,197173.771,0
IND,C1,T,2017,197173.771,0
IND,C1,T,2018,197173.771,0
IND,C1,T,2019,197173.771,0
IND,C1,T,2020,197173.771,0
IDN,C1,T,2012,15358.101,0
IDN,C1,T,2013,15528.918,0
IDN,C1,T,2014,15527.411,0
IDN,C1,T,2015,15527.411,0
IDN,C1,T,2016,15527.411,0
IDN,C1,T,2017,15527.411,0
IDN,C1,T,2018,15527.411,0
IDN,C1,T,2019,15527.411,0
IDN,C1,T,2020,15527.411,0
KAZ,C1,T,2012,54815.181,0
KAZ,C1,T,2013,53058.411,0
KAZ,C1,T,2014,53229.441,0
KAZ,C1,T,2015,53233.241,0
KAZ,C1,T,2016,53237.041,0
KAZ,C1,T,2017,53240.841,0
KAZ,C1,T,2018,53240.841,0
KAZ,C1,T,2019,53240.841,0
KAZ,C1,T,2020,53240.841,0
PHL,C1,T,2012,4201.715,0
PHL,C1,T,2013,4233.466,0
PHL,C1,T,2014,4236.082,0
PHL,C1,T,2015,4238.698,0
PHL,C1,T,2016,4241.314,0
PHL,C1,T,2017,4243.93,0
PHL,C1,T,2018,4243.93,0
PHL,C1,T,2019,4243.93,0
PHL,C1,T,2020,4243.93,0
ROU,C1,T,2015,19796.0,0
ROU,C1,T,2016,21165.1,0
ROU,C1,T,2017,20183.9,0
ROU,C1,T,2018,19274.8,0
ROU,C1,T,2019,20339.5,0
RUS,C1,T,2012,252119.308,0
RUS,C1,T,2013,252525.321,0
RUS,C1,T,2014,254208.988,0
RUS,C1,T,2015,254268.988,0
RUS,C1,T,2016,254328.988,0
RUS,C1,T,2017,254388.988,0
RUS,C1,T,2018,254388.988,0
RUS,C1,T,2019,254388.988,0
RUS,C1,T,2020,254388.988,0
ZAF,C1,T,2012,3189.807,0
ZAF,C1,T,2013,3022.185,0
ZAF,C1,T,2014,3061.52,0
ZAF,C1,T,2015,3061.559,0
ZAF,C1,T,2016,3061.598,0
ZAF,C1,T,2017,3061.637,0
ZAF,C1,T,2018,3061.637,0
ZAF,C1,T,2019,3061.637,0
ZAF,C1,T,2020,3061.637,0
UKR,C1,T,2012,81762.384,0
UKR,C1,T,2013,79906.042,0
UKR,C1,T,2014,83214.433,0
UKR,C1,T,2015,83228.433,0
UKR,C1,T,2016,83242.433,0
UKR,C1,T,2017,83256.433,0
UKR,C1,T,2018,83256.433,0
UKR,C1,T,2019,83256.433,0
UKR,C1,T,2020,83256.433,0
VNM,C1,T,2012,19790.013,0
VNM,C1,T,2013,19881.212,0
VNM,C1,T,2014,20294.969,0
VNM,C1,T,2015,20294.969,0
VNM,C1,T,2016,20294.969,0
VNM,C1,T,2017,20294.969,0
VNM,C1,T,2018,20294.969,0
VNM,C1,T,2019,20294.969,0
VNM,C1,T,2020,20294.969,0
